{"sections":{"featured_product_CYN9XR":{"type":"featured-product","blocks":{"text_fCbc4z":{"type":"text","settings":{"text":"{{ section.settings.product.vendor }}","text_style":"uppercase"}},"title_LkiLmi":{"type":"title","settings":{"heading_size":"h1"}},"price_thrEYU":{"type":"price","settings":{}},"variant_picker_MjyUVe":{"type":"variant_picker","settings":{"picker_type":"button"}},"quantity_selector_DTNGyp":{"type":"quantity_selector","settings":{}},"buy_buttons_yrnUjt":{"type":"buy_buttons","settings":{"show_dynamic_checkout":true,"show_gift_card_recipient":true}},"share_mnK7N4":{"type":"share","settings":{"share_label":"Share"}},"sku_yFmFNc":{"type":"sku","settings":{"text_style":"body"}},"custom_liquid_mV4G4p":{"type":"custom_liquid","settings":{"custom_liquid":"<p><a href=\"https:\/\/rebrand.ly\/bumidaftar\"><img alt=\"\" src=\"https:\/\/cdn.shopify.com\/s\/files\/1\/0853\/8046\/4913\/files\/4ab67b00-372b-4af3-b5a5-01842fa76b1a_480x480.gif?v=1705393639\" width=\"304\" height=\"160\" style=\"display: block; margin-left: auto; margin-right: auto;\"><\/a><\/p>\n<p>&nbsp;<\/p>\n<p style=\"text-align: center;\">Bumi303 merupakan situs paling lengkap di tahun 2024 yang telah memiliki ribuan pengguna di dalamnya, Link Bumi303 bisa kalian dapatkan pada pencarian Google anda, Daftar Bumi303 sekarang juga dan dapatkan Bonus yang Melimpah<\/p>"}}},"block_order":["text_fCbc4z","title_LkiLmi","price_thrEYU","variant_picker_MjyUVe","quantity_selector_DTNGyp","buy_buttons_yrnUjt","share_mnK7N4","sku_yFmFNc","custom_liquid_mV4G4p"],"settings":{"product":"bumi303-situs-slot-gacor-terlengkap-2024","color_scheme":"","secondary_background":false,"media_size":"medium","constrain_to_viewport":true,"media_fit":"contain","media_position":"left","image_zoom":"lightbox","hide_variants":false,"enable_video_looping":false,"padding_top":36,"padding_bottom":36}}},"order":["featured_product_CYN9XR"]}